{
  "success": "success",
  "error": null,
  "message": "Successfully",
  "data": [
    {
      "id": 399,
      "id_user_app": 27,
      "depart_name": "Mota Varachha, 312, Mota Varachha, Surat, Gujarat, India, 394101,",
      "destination_name": "Uttran, Surat, Gujarat, India",
      "latitude_depart": "21.2409377",
      "longitude_depart": "72.8776437",
      "latitude_arrivee": "21.2315453",
      "longitude_arrivee": "72.8662668",
      "number_poeple": 2,
      "place": "",
      "statut": "new",
      "id_conducteur": 143,
      "creer": "21 Jun. 2022",
      "trajet": "https://cabme.siswebapp.com/assets/images/placeholder_image.jpg",
      "trip_objective": "Business",
      "trip_category": "",
      "nom": "",
      "prenom": "Arthur",
      "distance": 2,
      "phone": "12345678910",
      "nomConducteur": "",
      "prenomConducteur": "test3",
      "driverPhone": "1234567892",
      "photo_path": "https://cabme.siswebapp.com/assets/images/placeholder_image.jpg",
      "date_retour": "21 Jun. 2022",
      "heure_retour": "10:19:26",
      "statut_round": "no",
      "montant": 73,
      "duree": "4 mins",
      "statut_paiement": "yes",
      "payment": "Cash",
      "payment_image": "https://cabme.siswebapp.com/assets/images/payment_method/image_method_1575136572.6831_944653490.png",
      "driver_phone": "1234567892",
      "nb_avis": 1,
      "nb_avis_driver": 8,
      "moyenne": 6,
      "moyenne_driver": 7
    }
  ]
}